"","Ruminococcaceae","Pseudomonadaceae","Lachnospiraceae","Coriobacteriaceae","Bacteroidaceae","Enterobacteriaceae","Clostridiaceae_1"
"X206616",0.028037383177570093,0.205607476635514,0.6448598130841121,0.009345794392523364,0.009345794392523364,0.09345794392523364,0.009345794392523364
