"","Clostridia","Bacteroidia","Actinobacteria","Gammaproteobacteria","Bacilli","Alphaproteobacteria","Betaproteobacteria","Negativicutes","Fusobacteriia","Coriobacteriia","Erysipelotrichia","Melainabacteria","Deltaproteobacteria","Sphingobacteriia","Lentisphaeria","Chloroplast","Epsilonproteobacteria","Verrucomicrobiae","Methanobacteria"
"X206712",0.37037037037037035,0.589602024384633,0.0030825856912813435,0.0011042097998619738,0.0013342535081665517,0.0,0.0007361398665746492,0.0051529790660225444,0.00676328502415459,0.0023464458247066944,0.008189556015642972,0.0,0.011180124223602485,0.0,0.0,0.0,0.00013802622498274673,0.0,0.0
"X206731",0.4293178872326636,0.5051847051198963,0.015999675955930007,0.0016607258587167854,0.012880751782242385,0.0,0.01069345430978613,0.011868114063512637,0.0,0.0004050550874918989,0.006156837329876863,0.0,0.004617627997407648,0.0,0.001093648736228127,0.0,0.0,0.0,0.00012151652624756967
"X206761",0.3366273373940452,0.5366102994420071,0.004600247050304553,0.08898070451931678,0.002001959364484389,0.0,0.002001959364484389,0.019806619244366826,0.0005111385611449503,0.003918728968777953,0.004941006091067853,0.0,0.0,0.0,0.0,0.0,0.0,0.0,0.0
"X224325",0.3016263801850194,0.5408460161145927,0.0010071620411817369,0.04901521933751119,0.009400179051029543,3.730229782154581e-05,0.03006565204416592,0.026484631453297523,0.000783348254252462,0.0004849298716800955,0.0041778573560131305,0.0,0.035660996717397794,0.0,0.0,0.0,0.00041032527603700387,0.0,0.0
"X219644",0.8685020593973553,0.07331454584868849,0.0005202688055495339,0.0006503360069369175,0.0020810752221981357,0.0,0.0,0.002644699761543464,0.00017342293518317797,0.00030349013657056146,0.05181010188597442,0.0,0.0,0.0,0.0,0.0,0.0,0.0,0.0
"X219645",0.5292511700468019,0.43863754550182005,0.0018634078696481192,0.00026001040041601667,0.0006066909343040389,0.0,0.023010920436817472,0.000563355867568036,0.00013000520020800833,0.0006066909343040389,0.004983532674640319,0.0,0.0,0.0,0.0,4.3335066736002776e-05,0.0,4.3335066736002776e-05,0.0
"X219670",0.7657377457078876,0.1412042796715601,0.004167703408808161,0.0016795222692211993,0.0010574769843244589,0.0013062950982831551,0.0035456581239114208,0.06836277681015178,0.0,0.0009952724558347848,0.004416521522766857,0.0006842498133864145,0.0066558845483951235,0.00018661358546902214,0.0,0.0,0.0,0.0,0.0
