Cluster,Mean Inside,Std Dev Inside,Mean Outside,Std Dev Outside
1,0.718956092023161,0.170603567427932,-0.0242772370568652,0.12640415244581196
2,0.67044628104409,0.246659145438818,0.09359311084150268,0.190529187228941
3,0.854129925674946,0.149662950699773,-0.031580164984523866,0.10178074956198875
4,0.883240563999022,0.0583848552523716,0.052400951327762076,0.15138834523949354
Averages,0.7816932156853047,0.15632762970472364,0.022534165031968922,0.1425256086190588
