"","Acetobacteraceae","Christensenellaceae","Prevotellaceae","Family_XIII","Ruminococcaceae","Corynebacteriaceae","Peptococcaceae","Pseudomonadaceae","Lachnospiraceae","Alcaligenaceae","Erysipelotrichaceae","Bacteroidaceae","Porphyromonadaceae","Streptococcaceae","Peptostreptococcaceae","Rikenellaceae","Fusobacteriaceae","Bifidobacteriaceae","Moraxellaceae","Cellulomonadaceae","Brucellaceae","Micrococcaceae","Desulfovibrionaceae","Mollicutes_RF9(order)","Acidaminococcaceae","Nocardioidaceae","Chloroplast(class)","Staphylococcaceae","Acidimicrobiaceae","Acidobacteriaceae_Subgroup_1_","Rhodospirillaceae","Enterobacteriaceae","FamilyI","Microbacteriaceae","Verrucomicrobiaceae","Carnobacteriaceae","Aeromonadaceae","Clostridiaceae_1","Myxococcaceae"
"X206621",0.0,0.0,0.0,0.0,0.0,0.0,0.0,0.14705882352941177,0.11764705882352941,0.0,0.0,0.29411764705882354,0.0,0.0,0.029411764705882353,0.38235294117647056,0.0,0.0,0.0,0.0,0.0,0.0,0.0,0.0,0.0,0.0,0.0,0.0,0.0,0.0,0.0,0.029411764705882353,0.0,0.0,0.0,0.0,0.0,0.0,0.0
"X206624",0.023743016759776536,0.0,0.012569832402234637,0.0,0.034916201117318434,0.051675977653631286,0.0,0.1871508379888268,0.07402234636871509,0.0,0.030726256983240222,0.08100558659217877,0.0,0.0,0.0,0.0,0.0,0.027932960893854747,0.046089385474860335,0.015363128491620111,0.02653631284916201,0.06983240223463687,0.0,0.0,0.0,0.05726256983240224,0.04748603351955307,0.0,0.01675977653631285,0.008379888268156424,0.040502793296089384,0.046089385474860335,0.015363128491620111,0.03770949720670391,0.0,0.0,0.02094972067039106,0.0,0.027932960893854747
"X206676",0.0,0.002592016588906169,0.0003456022118541559,0.003974425436322792,0.27993779160186627,0.002592016588906169,0.00017280110592707794,0.01658890616899948,0.41074822878866424,0.024019353723863834,0.00017280110592707794,0.144116122343183,0.0043200276481769485,0.0029376188007603247,0.0013824088474166235,0.041645066528425784,0.007257646448937273,0.0,0.0,0.0,0.0,0.0012096077414895455,0.013824088474166234,0.0003456022118541559,0.024537757041645066,0.0,0.0,0.00017280110592707794,0.0,0.0,0.0,0.007776049766718507,0.0,0.0,0.00017280110592707794,0.0015552099533437014,0.0,0.007603248660791429,0.0
