OTU,LDA_score,CLass
Sutterella,7.723605986159952,CD
Parabacteroides,5.717462085350284,CD
Odoribacter,5.297645096439243,CD
Flavonifractor,6.4830778580387864,UC
