Cluster,Mean Inside,Std Dev Inside,Mean Outside,Std Dev Outside
1,0.474029210377088,0.475745076454115,-0.007019803229195148,0.11589617761304105
2,0.497419087135798,0,-0.07376245597548904,0.10162811737841311
3,0.351189366942056,0.342062043555297,-0.031012683558618314,0.08342114037269627
4,0.885209610395701,0,-0.02925157517991661,0.05395130879501268
5,0.904680347615368,0.104417447569229,-0.042046762170751435,0.0433524891855554
6,0.775421021354245,0.194491100663187,-0.032248519658703324,0.035360123647640386
7,0.599072099589776,0.253675694552567,0.025567502049167773,0.09743543979941514
Averages,0.6410029633442902,0.19577019468491358,-0.027110613960500872,0.07586354239882487
