"","Faecalibacterium","Bacteroides","Massilia","Lachnospiraceae_NK4A136_group","Butyricimonas","Lachnoclostridium","Cloacibacterium","Citrobacter","Akkermansia","Bilophila","_Eubacterium_rectale_group","Escherichia_Shigella"
"X206620",0.016129032258064516,0.06451612903225806,0.0,0.016129032258064516,0.1774193548387097,0.27419354838709675,0.0,0.0,0.0,0.0,0.03225806451612903,0.41935483870967744
"X206627",0.0,0.0,0.35714285714285715,0.0,0.0,0.0,0.023809523809523808,0.023809523809523808,0.047619047619047616,0.023809523809523808,0.0,0.5238095238095238
