"","Comamonadaceae","Ruminococcaceae","Corynebacteriaceae","Moraxellaceae","Pseudomonadaceae","Flavobacteriaceae","Lachnospiraceae","Erysipelotrichaceae","Burkholderiaceae","Family_XI","Bacteroidaceae","Streptococcaceae","Fusobacteriaceae","Bifidobacteriaceae","Pseudonocardiaceae","Bacteroidales_S24_7_group","Cytophagaceae","Enterobacteriaceae","Propionibacteriaceae"
"X206702",0.00048221174453493356,0.000589369909987141,0.0,0.00010715816545220746,0.0003214744963566224,0.0009644234890698671,0.0006965280754393485,0.0003214744963566224,5.357908272610373e-05,0.0006429489927132448,0.0017145306472353193,0.0003750535790827261,0.0,0.0,0.0,0.0012858979854264896,0.0009108444063437634,0.9914809258465495,5.357908272610373e-05
"X219692",0.0,0.0,0.175,0.0,0.0,0.075,0.0,0.0,0.0,0.0,0.14166666666666666,0.0,0.4,0.008333333333333333,0.11666666666666667,0.0,0.0,0.08333333333333333,0.0
