"","Ruminococcaceae","Lachnospiraceae","Bacteroidaceae","Porphyromonadaceae","Flavobacteriaceae","Oxalobacteraceae","Desulfovibrionaceae","Enterobacteriaceae","Verrucomicrobiaceae"
"X206620",0.016129032258064516,0.3225806451612903,0.06451612903225806,0.1774193548387097,0.0,0.0,0.0,0.41935483870967744,0.0
"X206627",0.0,0.0,0.0,0.0,0.023809523809523808,0.35714285714285715,0.023809523809523808,0.5476190476190477,0.047619047619047616
